{
  "R Ashwin": 5.725,
  "Sandeep Sharma": 6.92604501607717,
  "Parvez Rasool": 6.2,
  "MC Henriques": 6.2675159235668785,
  "MA Starc": 6.75,
  "S Nadeem": 5.863636363636364,
  "V Kohli": 5.454545454545455,
  "Z Khan": 6.15483870967742,
  "RN ten Doeschate": 3.4285714285714284,
  "M de Lange": 6.923076923076923,
  "J Yadav": 4.142857142857143
}